{
  "f1": 0.20372398685651696,
  "auc": 0.6152136812913318,
  "threshold": 0.11752615378417765,
  "fn": 727,
  "fp": 0,
  "cost": 7270.0
}